{"cameraMode":{"drawMode":0,"name":"Shaded","section":"Shading Mode"},"sceneLighting":true,"audioPlay":false,"sceneViewState":{"showFog":true,"showMaterialUpdate":false,"showSkybox":true,"showFlares":true,"showImageEffects":true,"showParticleSystems":true},"in2DMode":false,"pivot":{"x":-3.437119483947754,"y":3.4415230751037599,"z":4.473659515380859},"rotation":{"x":-0.031738679856061938,"y":0.769527018070221,"z":-0.038361504673957828,"w":-0.6366711854934692},"size":91.32807922363281,"orthographic":false}