{"cameraMode":{"drawMode":0,"name":"Shaded","section":"Shading Mode"},"sceneLighting":true,"audioPlay":false,"sceneViewState":{"showFog":true,"showMaterialUpdate":false,"showSkybox":true,"showFlares":true,"showImageEffects":true,"showParticleSystems":true},"in2DMode":false,"pivot":{"x":-2.0320281982421877,"y":11.099843978881836,"z":98.47294616699219},"rotation":{"x":-0.08377210050821305,"y":0.6935563683509827,"z":-0.08173614740371704,"w":-0.7108323574066162},"size":22.0,"orthographic":false}